ad_id,link_titles,link_captions
1174314687452148,,
1132197931632512,,
610951141280553,,www.jdemeokrokdal.cz
1635722603992722,,www.jdemeokrokdal.cz
594399319763152,Pivo v plechu poprvÃ© porÃ¡Å¾Ã­ sklo - Seznam ZprÃ¡vy,seznamzpravy.cz
592595716605922,,
9571649186183615,"Benefity pro Å¾ivotnÃ­ prostÅ™edÃ­, Benefity pro Å¾ivotnÃ­ prostÅ™edÃ­, Benefity pro Å¾ivotnÃ­ prostÅ™edÃ­, Benefity pro Å¾ivotnÃ­ prostÅ™edÃ­, Benefity pro Å¾ivotnÃ­ prostÅ™edÃ­",
1179942079893435,Starosta Svitav podporuje zÃ¡lohovÃ½ systÃ©m,jdemeokrokdal.cz
1436971313668225,Starosta Svitav podporuje zÃ¡lohovÃ½ systÃ©m,jdemeokrokdal.cz
749940967152360,"ZÃ¡lohy na petky zaÄnou platit nejpozdÄ›ji v roce 2026, plÃ¡nuje ministr HladÃ­k - iDNES.cz",idnes.cz
284949234707681,"ZÃ¡lohy na petky zaÄnou platit nejpozdÄ›ji v roce 2026, plÃ¡nuje ministr HladÃ­k - iDNES.cz",idnes.cz
501124268958756,VernisÃ¡Å¾ ÄŒesko na cestÄ› k cirkularitÄ›,jdemeokrokdal.cz
8440094952685291,VernisÃ¡Å¾ ÄŒesko na cestÄ› k cirkularitÄ›,jdemeokrokdal.cz
744516467629702,,
310433812120730,,
2755947361241217,"Cash Only: ZaÄÃ­nÃ¡ boj o ÄtyÅ™i koruny za lahev, zÃ¡lohovacÃ­ zÃ¡kon je hotov - Seznam ZprÃ¡vy",seznamzpravy.cz
1189009068937403,"Cash Only: ZaÄÃ­nÃ¡ boj o ÄtyÅ™i koruny za lahev, zÃ¡lohovacÃ­ zÃ¡kon je hotov - Seznam ZprÃ¡vy",seznamzpravy.cz
800539168698423,"Cash Only: ZaÄÃ­nÃ¡ boj o ÄtyÅ™i koruny za lahev, zÃ¡lohovacÃ­ zÃ¡kon je hotov - Seznam ZprÃ¡vy",seznamzpravy.cz
416540474519950,Ministr HladÃ­k o povinnÃ©m zÃ¡lohovÃ¡nÃ­ PET lahvÃ­ a plechovek. ZdraÅ¾Ã­ pak ÄŒesku nÃ¡poje?,blesk.cz
958153392476925,Ministr HladÃ­k o povinnÃ©m zÃ¡lohovÃ¡nÃ­ PET lahvÃ­ a plechovek. ZdraÅ¾Ã­ pak ÄŒesku nÃ¡poje?,blesk.cz
291975123951930,OdbornÃ­ci potvrdili na pÅ¯dÄ› PoslaneckÃ© snÄ›movny pozitivnÃ­ dopady zÃ¡lohovÃ¡nÃ­,pr.denik.cz
444313571293149,OdbornÃ­ci potvrdili na pÅ¯dÄ› PoslaneckÃ© snÄ›movny pozitivnÃ­ dopady zÃ¡lohovÃ¡nÃ­,pr.denik.cz
950528733378369,"ÄŒesko potÅ™ebuje systÃ©m zÃ¡loh, modernÃ­ Å™eÅ¡enÃ­ Å¡etrnÃ© k Å¾ivotnÃ­mu prostÅ™edÃ­",promestaobce.cz
617086833973817,"ÄŒesko potÅ™ebuje systÃ©m zÃ¡loh, modernÃ­ Å™eÅ¡enÃ­ Å¡etrnÃ© k Å¾ivotnÃ­mu prostÅ™edÃ­",promestaobce.cz
1154491045682886,OdbornÃ­ci potvrdili na pÅ¯dÄ› PoslaneckÃ© snÄ›movny pozitivnÃ­ dopady zÃ¡lohovÃ¡nÃ­,pr.denik.cz
440098671863360,OdbornÃ­ci potvrdili na pÅ¯dÄ› PoslaneckÃ© snÄ›movny pozitivnÃ­ dopady zÃ¡lohovÃ¡nÃ­,pr.denik.cz
1487915055438706,OdbornÃ­ci potvrdili na pÅ¯dÄ› PoslaneckÃ© snÄ›movny pozitivnÃ­ dopady zÃ¡lohovÃ¡nÃ­,pr.denik.cz
751937887005631,OdbornÃ­ci potvrdili na pÅ¯dÄ› PoslaneckÃ© snÄ›movny pozitivnÃ­ dopady zÃ¡lohovÃ¡nÃ­,pr.denik.cz
1919019615181424,"ZÃ¡lohovÃ¡nÃ­ petek: Na vlÃ¡du by mÄ›l jÃ­t zÃ¡kon v dubnu, Å™Ã­kÃ¡ SurÃ½ z ministerstva - iDNES.cz",idnes.cz
3608720879445951,,
957864548746310,"ZÃ¡lohovÃ¡nÃ­ petek: Na vlÃ¡du by mÄ›l jÃ­t zÃ¡kon v dubnu, Å™Ã­kÃ¡ SurÃ½ z ministerstva - iDNES.cz",idnes.cz
1127698238571471,"ZÃ¡lohovÃ¡nÃ­ petek: Na vlÃ¡du by mÄ›l jÃ­t zÃ¡kon v dubnu, Å™Ã­kÃ¡ SurÃ½ z ministerstva - iDNES.cz",idnes.cz
746131974065563,"OdpadovÃ© firmy maÅ¾ou med kolem pusy, PET lahvÃ­ je potÅ™eba recyklovat o dost vÃ­c",podcasty.hn.cz
1020291918934131,,
165070903062437,NezmaÄkat a vrÃ¡tit: jak bude vypadat zÃ¡lohovÃ¡nÃ­ plechovek a petek v praxi. NaneÄisto uÅ¾ to zkouÅ¡Ã­ Lidl i Kaufland,ekonews.cz
1553778902180285,,
876984947302922,,
871282641611626,,
1320708019265746,,
1266374447684522,,
383276704824568,,
386332784348474,,www.jaroslavkominek.cz
386202991251134,,www.jaroslavkominek.cz
1191519848725687,,
507694258647859,,
1046879547098956,Knihovny,
1259808391702951,,
3733906706862113,,
1896254104191025,Silnice v ÃšsteckÃ©m kraji,
1071187774370065,KateÅ™ina KoneÄnÃ­ v ÃšsteckÃ©m kraji,
3324086937886449,STAÄŒILO! v ÃšsteckÃ©m kraji,ulk.stacilo.cz
496275436475010,,
1553924778896369,,
1278250943333203,SETKÃNÃ S KATEÅ˜INOU KONEÄŒNOU V KRUPCE!,SETKÃNÃ S KATEÅ˜INOU KONEÄŒNOU V KRUPCE!
1736450150434865,,
825328716250609,,
1507205550163221,,
2263693380676133,,
8274909049263142,,
3734692053451325,,
865034878919506,"VolÃ­m STAÄŒILO! v ÃšsteckÃ©m kraji, volÃ­m ÄÃ­slo 8","VolÃ­m STAÄŒILO! v ÃšsteckÃ©m kraji, volÃ­m ÄÃ­slo 8"
8266502966740936,,
1664427497656714,,
1036344141558955,,
885917636743880,,
2942346305918652,,
503382952648030,,
3603860143211432,,
1216596163082153,FINÃLNÃ DEBATA S ANDREJEM O EU - PRAHA - ROCK CAFÃ‰,FINÃLNÃ DEBATA S ANDREJEM O EU - PRAHA - ROCK CAFÃ‰
484007880856398,FINÃLNÃ DEBATA S ANDREJEM A HOSTY O EU - PRAHA - ROCK CAFÃ‰,FINÃLNÃ DEBATA S ANDREJEM A HOSTY O EU - PRAHA - ROCK CAFÃ‰
1974414122973625,DEBATA S ANDREJEM A RADIMEM O EU - OLOMOUC,DEBATA S ANDREJEM A RADIMEM O EU - OLOMOUC
1793960671095051,"DEBATA S ANDREJEM, ANDREOU A PAVLEM O EU - OSTRAVA","DEBATA S ANDREJEM, ANDREOU A PAVLEM O EU - OSTRAVA"
1487351005491718,"DEBATA S ANDREJEM, ZIGGYM, TOMÃÅ EM, HONZOU A ELIÅ KOU O EU - ZLÃN","DEBATA S ANDREJEM, ZIGGYM, TOMÃÅ EM, HONZOU A ELIÅ KOU O EU - ZLÃN"
2729041903919531,DEBATA S ANDREJEM O EU - BRNO,DEBATA S ANDREJEM O EU - BRNO
821588302633503,DEBATA S ANDREJEM O EU - VYÅ KOV,DEBATA S ANDREJEM O EU - VYÅ KOV
1169947701107798,Reakce na Andreje BabiÅ¡e ğŸ˜,
1490954215153508,DEBATA S ANDREJEM O EU - LIBEREC,DEBATA S ANDREJEM O EU - LIBEREC
1171073324240008,DEBATA S ANDREJEM O EU - NOVÃ‰ MÄšSTO NAD METUJÃ,DEBATA S ANDREJEM O EU - NOVÃ‰ MÄšSTO NAD METUJÃ
404724942382612,DEBATA S ANDREJEM O EU - HRADEC KRÃLOVÃ‰,DEBATA S ANDREJEM O EU - HRADEC KRÃLOVÃ‰
1162479581437306,DEBATA S ANDREJEM A ZDEÅ‡KEM O EU - PARDUBICE,DEBATA S ANDREJEM A ZDEÅ‡KEM O EU - PARDUBICE
2672727026230625,DEBATA S ANDREJEM O EU - JIHLAVA,DEBATA S ANDREJEM O EU - JIHLAVA
475220951506559,DEBATA S ANDREJEM O EU - ÄŒESKÃ‰ BUDÄšJOVICE,DEBATA S ANDREJEM O EU - ÄŒESKÃ‰ BUDÄšJOVICE
2211024859232229,DEBATA S ANDREJEM A DAVIDEM O EU - PÃSEK,DEBATA S ANDREJEM A DAVIDEM O EU - PÃSEK
3575689542683097,DEBATA S ANDREJEM O EU - PLZEÅ‡,DEBATA S ANDREJEM O EU - PLZEÅ‡
723773916347322,DEBATA S ANDREJEM A EVOU O EU - DOMAÅ½LICE,DEBATA S ANDREJEM A EVOU O EU - DOMAÅ½LICE
586747980420774,Europeum.org | Institute for European Policy,www.europeum.org
553660180756101,,
580871937797152,Podcast CafÃ© Evropa: PÅ™eÅ¾ijÃ­ tradiÄnÃ­ mÃ©dia 21. stoletÃ­?,
1205440993879161,Podcast CafÃ© Evropa,
1294542468369597,The Impact on EU Enlargement and Democracy - Case Studies from V4 Media,The Impact on EU Enlargement and Democracy - Case Studies from V4 Media
1605519923660372,Elections in Moldova and Georgia: What implications they bring to the EU and NATO?,Elections in Moldova and Georgia: What implications they bring to the EU and NATO?
1088127466293895,Democracy in Action: Unpacking the â€˜Super Yearâ€™ of Elections and the Future of Election Integrity,Democracy in Action: Unpacking the â€˜Super Yearâ€™ of Elections and the Future of Election Integrity
913459336882054,KomentovanÃ½ stream â€œgrilovÃ¡nÃ­â€ ÄeskÃ©ho kandidÃ¡ta na eurokomisaÅ™e Jozefa SÃ­kely,KomentovanÃ½ stream â€œgrilovÃ¡nÃ­â€ ÄeskÃ©ho kandidÃ¡ta na eurokomisaÅ™e Jozefa SÃ­kely
1746789956170752,20 let v EU:  Co ÄlenstvÃ­ dalo  a vzalo Å umpersku?,20 let v EU:  Co ÄlenstvÃ­ dalo  a vzalo Å umpersku?
1306421890340755,Podcast CafÃ© Evropa - Jak EU pomÃ¡hÃ¡ pÅ™i katastrofÃ¡ch?,
1052869116140765,,
898255035530986,podcast CafÃ© Evropa - Praha na cestÄ› k udrÅ¾itelnÃ© dopravÄ›,
1032750158581890,Podcast CafÃ© Evropa - VÃ¡lka s plasty,
403663932262966,CafÃ© Evropa podcast - Hate Speech,
1002849994952803,CafÃ© Evropa podcast - DG MEME,
1059847509177770,CafÃ© Evropa Podcast DobrovolnictvÃ­,
798410302025217,Podcast CafÃ© Evropa: Volby do EvropskÃ©ho parlamentu,
1100479597710446,Split Views from the V4: Main Topics of the EP Elections in the Visegrad Countries,Split Views from the V4: Main Topics of the EP Elections in the Visegrad Countries
359519586732755,CafÃ© Evropa podcast,
767768015533860,Debata: 25 let v NATO â€“ co ÄlenstvÃ­ dalo ÄŒesku?,Debata: 25 let v NATO â€“ co ÄlenstvÃ­ dalo ÄŒesku?
401289339544579,MÃ¡me se bÃ¡t o ekonomickou budoucnost Evropy?,docs.google.com
440387062014918,ZmÄ›nila nÄ›co ruskÃ¡ vÃ¡lka na UkrajinÄ›?,ZmÄ›nila nÄ›co ruskÃ¡ vÃ¡lka na UkrajinÄ›? 
269538906231109,ZmÄ›nila vÃ¡lka na UkrajinÄ› pÅ™Ã­stup ÄŒechÅ¯ k migraci?,ZmÄ›nila vÃ¡lka na UkrajinÄ› pÅ™Ã­stup ÄŒechÅ¯ k migraci?
952971229490842,ZmÄ›nila vÃ¡lka na UkrajinÄ› pÅ™Ã­stup ÄŒechÅ¯ k migraci?,ZmÄ›nila vÃ¡lka na UkrajinÄ› pÅ™Ã­stup ÄŒechÅ¯ k migraci?
1614055819344601,KlimatickÃ© politiky regionÃ¡lnÄ›: PomÅ¯Å¾e evropskÃ¡ klimatickÃ¡ politika zachrÃ¡nit Jizerskou 50? ,KlimatickÃ© politiky regionÃ¡lnÄ›: PomÅ¯Å¾e evropskÃ¡ klimatickÃ¡ politika zachrÃ¡nit Jizerskou 50? 
1934874806945707,KlimatickÃ© politiky regionÃ¡lnÄ›: PomÅ¯Å¾e evropskÃ¡ klimatickÃ¡ politika zachrÃ¡nit Jizerskou PadesÃ¡tku? ,KlimatickÃ© politiky regionÃ¡lnÄ›: PomÅ¯Å¾e evropskÃ¡ klimatickÃ¡ politika zachrÃ¡nit Jizerskou PadesÃ¡tku? 
1391478685092122,20 Years of Reuniting Europeâ€™s East and West: Is the EU Ready for Another â€œBig Bangâ€ Enlargement?,20 Years of Reuniting Europeâ€™s East and West: Is the EU Ready for Another â€œBig Bangâ€ Enlargement?
330125373370423,,"v4decarb.org, v4decarb.org, v4decarb.org, v4decarb.org, v4decarb.org"
727005812835591,,
909121684083476,CafÃ© Evropa: Pardubice,CafÃ© Evropa: Pardubice
1797170474079094,Dva roky od invaze: Co ÄekÃ¡ Ukrajinu dÃ¡l? ,Dva roky od invaze: Co ÄekÃ¡ Ukrajinu dÃ¡l? 
708488008082086,EU-Pacific Talks: Unveiling Global South Dynamics: EU and Indo-Pacific Perspectives ,EU-Pacific Talks: Unveiling Global South Dynamics: EU and Indo-Pacific Perspectives 
803514871792697,EU-Pacific Talks: Global Race in Emerging Technologies - Lessons for EU-Pacific Cooperation,EU-Pacific Talks: Global Race in Emerging Technologies - Lessons for EU-Pacific Cooperation
924430872614684,EU-Pacific Talks: Global Race in Emerging Technologies - Lessons for EU-Pacific Cooperation,EU-Pacific Talks: Global Race in Emerging Technologies - Lessons for EU-Pacific Cooperation
825713139311263,EUÂ± // TeritoriÃ¡lnÃ­ ambice ÄŒÃ­ny v JihoÄÃ­nskÃ©m moÅ™i â€“ jak reagujÃ­ okolnÃ­ stÃ¡ty a svÄ›tovÃ© mocnosti?,EUÂ± // TeritoriÃ¡lnÃ­ ambice ÄŒÃ­ny v JihoÄÃ­nskÃ©m moÅ™i â€“ jak reagujÃ­ okolnÃ­ stÃ¡ty a svÄ›tovÃ© mocnosti?
2253680058175340,EUÂ± // Jak zreformovat EU instituce?,EUÂ± // Jak zreformovat EU instituce?
2270273633308150,EU-Pacific Talks: Global Race in Emerging Technologies Deployment,EU-Pacific Talks: Global Race in Emerging Technologies Deployment
339555632174443,,"europeum.org, europeum.org, europeum.org, europeum.org, europeum.org, europeum.org, europeum.org, europeum.org, europeum.org"
893944728611233,Charting the course for Ukraine: Reassessment of the Indo-Pacific,Charting the course for Ukraine: Reassessment of the Indo-Pacific
1027395878528936,,europeum.org
216282511499538,,europeum.org
3751491495074523,,europeum.org
2419760434863572,,
1078472166656829,"Beseda a HospodskÃ½ kvÃ­z: Kam krÃ¡ÄÃ­Å¡, Evropo? ","Beseda a HospodskÃ½ kvÃ­z: Kam krÃ¡ÄÃ­Å¡, Evropo? "
908477084040405,EUÂ± // Konflikt v NÃ¡hornÃ­m Karabachu ,EUÂ± // Konflikt v NÃ¡hornÃ­m Karabachu 
1775913546179334,Taking Stock of Transatlantic Relations,Taking Stock of Transatlantic Relations
357604420265410,EU-Pacific Talks: The weaponization of information: The future of risk in digital era?,EU-Pacific Talks: The weaponization of information: The future of risk in digital era?
862904658554123,,
3733080296954923,,
1009477820332610,,
2500095750171732,,europeum.org
221448227610895,,europeum.org
226504993492540,,europeum.org
704596494897243,EU Enlargement to the Western Balkans: 20 Years After the Thessaloniki Summit,EU Enlargement to the Western Balkans: 20 Years After the Thessaloniki Summit
1389278401988221,"EU-Pacific Talks: Taiwan and security dimension â€“ lessons learned, Indo-Pacific containment","EU-Pacific Talks: Taiwan and security dimension â€“ lessons learned, Indo-Pacific containment"
874997203571052,,
1099886157643902,,
1072044274203275,,"europeum.org, europeum.org, europeum.org, europeum.org, europeum.org, europeum.org, europeum.org, europeum.org, europeum.org"
1432974187484933,,
2291296567732121,,europeum.org
666040172147004,,europeum.org
795271809056088,,europeum.org
182477158195524,,europeum.org
577367921099058,,
580193577450611,,"europeum.org, europeum.org, europeum.org, europeum.org, europeum.org, europeum.org, europeum.org, europeum.org, europeum.org"
1977869885925869,,
797578891909383,,
992393925442976,EUÂ± // ObdobÃ­ voleb ve stÅ™ednÃ­ EvropÄ› â€“ co nÃ¡Å¡ region ÄekÃ¡?,europeum.org
643406547686639,EUÂ± // ObdobÃ­ voleb ve stÅ™ednÃ­ EvropÄ› â€“ co nÃ¡Å¡ region ÄekÃ¡?,EUÂ± // ObdobÃ­ voleb ve stÅ™ednÃ­ EvropÄ› â€“ co nÃ¡Å¡ region ÄekÃ¡?
217716257775426,"NÃ¡zor ÄŒechÅ¯ na prÃ¡vnÃ­ stÃ¡t, pandemii covidu-19 a Evropskou unii | Prezentace prÅ¯zkumÅ¯",https://forms.gle/hMSH5wpjC5sYUTwg6
1475310776539230,VÃ½bÄ›rovÃ© Å™Ã­zenÃ­: Head of Research,europeum.org
1053267845636357,WebinÃ¡Å™ | KlimatickÃ¡ neutralita,WebinÃ¡Å™ | KlimatickÃ¡ neutralita
1365979077468015,WebinÃ¡Å™ | PrÃ¡vnÃ­ stÃ¡t v ÄŒesku ,WebinÃ¡Å™ | PrÃ¡vnÃ­ stÃ¡t v ÄŒesku 
580644434199854,WebinÃ¡Å™ | NextGenerationEU ,WebinÃ¡Å™ | NextGenerationEU 
217224751096010,WebinÃ¡Å™ | NextGenerationEU ,WebinÃ¡Å™ | NextGenerationEU 
989095725442193,WebinÃ¡Å™ | MigraÄnÃ­ vlny v EvropÄ›,WebinÃ¡Å™ | MigraÄnÃ­ vlny v EvropÄ›
1037306667652725,EU-Pacific Talks: In-EV-itable future of automotive industry: what is the role of the Pacific region,EU-Pacific Talks: In-EV-itable future of automotive industry: what is the role of the Pacific region
1621468221655630,HospodskÃ½ kvÃ­z a beseda | Evropa ve vÃ­ru dÄ›nÃ­,HospodskÃ½ kvÃ­z a beseda | Evropa ve vÃ­ru dÄ›nÃ­
600503808477373,HospodskÃ½ kvÃ­z a beseda | Evropa ve vÃ­ru dÄ›nÃ­,HospodskÃ½ kvÃ­z a beseda | Evropa ve vÃ­ru dÄ›nÃ­
800193677823707,CafÃ© Evropa: BlÃ¡znivÃ¡ a mladÃ¡ vÄ›da v ÄŒesku â€“ mÃ¡me bÃ½t na co hrdÃ­ | Den Evropy,CafÃ© Evropa: BlÃ¡znivÃ¡ a mladÃ¡ vÄ›da v ÄŒesku â€“ mÃ¡me bÃ½t na co hrdÃ­ | Den Evropy
781165049965745,CafÃ© Evropa online: AutomobilovÃ¡ doprava v EvropÄ› â€“ jak ji ovlivnÃ­ novÃ¡ legislativa EU?,CafÃ© Evropa online: AutomobilovÃ¡ doprava v EvropÄ› â€“ jak ji ovlivnÃ­ novÃ¡ legislativa EU?
187243817480221,CafÃ© Evropa online: AutomobilovÃ¡ doprava v EvropÄ› â€“ jak ji ovlivnÃ­ novÃ¡ legislativa EU?,CafÃ© Evropa online: AutomobilovÃ¡ doprava v EvropÄ› â€“ jak ji ovlivnÃ­ novÃ¡ legislativa EU?
3342528989342947,CafÃ© Evropa: Budoucnost energetiky v ÄŒesku - jak dÃ¡le sniÅ¾ovat  zÃ¡vislost na fosilnÃ­ch palivech?,CafÃ© Evropa: Budoucnost energetiky v ÄŒesku - jak dÃ¡le sniÅ¾ovat  zÃ¡vislost na fosilnÃ­ch palivech?
1557623381427159,CafÃ© Evropa online: AutomobilovÃ¡ doprava v EvropÄ› â€“ jak ji ovlivnÃ­ novÃ¡ legislativa EU?,CafÃ© Evropa online: AutomobilovÃ¡ doprava v EvropÄ› â€“ jak ji ovlivnÃ­ novÃ¡ legislativa EU?
3093078180998069,CafÃ© Evropa: Budoucnost energetiky v ÄŒesku - jak dÃ¡le sniÅ¾ovat  zÃ¡vislost na fosilnÃ­ch palivech?,CafÃ© Evropa: Budoucnost energetiky v ÄŒesku - jak dÃ¡le sniÅ¾ovat  zÃ¡vislost na fosilnÃ­ch palivech?
1184518182261436,Migrace a klima v ÄŒesku po roce vÃ¡lky,Migrace a klima v ÄŒesku po roce vÃ¡lky
236191168878901,EU-Pacific Talks: Be small and beautiful - future of nuclear energy?,EU-Pacific Talks: Be small and beautiful - future of nuclear energy?
232479915831542,CafÃ© Evropa: EvropskÃ¡ pamÃ¡tka obÄ›tem Å¡oa a boj proti antisemitismu,CafÃ© Evropa: EvropskÃ¡ pamÃ¡tka obÄ›tem Å¡oa a boj proti antisemitismu
1555439008301350,,
1566513980508925,CafÃ© Evropa online: Vztahy EU a ÄŒÃ­ny â€“ promÄ›nÃ­ souÄasnÃ© krize vztah dvou velmocÃ­?,CafÃ© Evropa online: Vztahy EU a ÄŒÃ­ny â€“ promÄ›nÃ­ souÄasnÃ© krize vztah dvou velmocÃ­?
974247400625648,CafÃ© Evropa online: Petr Pavel & VÄ›ra JourovÃ¡ & Vitalij Usatyj: Rok po ruskÃ©m Ãºtoku na Ukrajinu ,CafÃ© Evropa online: Petr Pavel & VÄ›ra JourovÃ¡ & Vitalij Usatyj: Rok po ruskÃ©m Ãºtoku na Ukrajinu 
917762032750526,EU-Pacific Talks: Trade relations with the Indo-pacific,EU-Pacific Talks: Trade relations with the Indo-pacific
744668293545884,Evropa v zajetÃ­ krizÃ­ â€“ co dÃ¡l?,Evropa v zajetÃ­ krizÃ­ â€“ co dÃ¡l?
856354482316615,EU-Pacific Talks: Europe and the Indo-Pacific: Migration and demographic changes,EU-Pacific Talks: Europe and the Indo-Pacific: Migration and demographic changes
707021154313623,StÃ¡Å¾e - Ãºnor 2023,europeum.org
1125638304764128,Job Offer: Research Fellow in Green Europe Programme,europeum.org
503187694983659,,
