Page ID,Page name,Disclaimer,Amount spent (CZK)
278117815576023,EU Justice and Consumers,EU Justice and Consumers,25318
211685455639198,Ministerstvo práce a sociálních věcí,Ministerstvo práce a sociálních věcí,20721
1679933578972328,Obnovitelně.cz,Obnovitelně.cz,19302
101954531415600,Lukáš Vlček • ministr průmyslu a obchodu,Lukáš Vlček • ministr průmyslu a obchodu,17197
55876739776,Greenpeace Česká republika,Greenpeace Česká republika,15942
487445514669670,Petr Fiala,Občanská demokratická strana,14297
60516116431,Člověk v tísni,"Člověk v tísni, o.p.s.",11045
214827221987263,Andrej Babiš,Andrej Babiš,9586
130038285069,Lékaři bez hranic / Médecins Sans Frontières (MSF),"Lékaři bez hranic - Médecins Sans Frontières in Czech Republic, o. p. s.",8821
376917739059943,LYNX Investovat s výhodami,LYNX Investovat s výhodami,8707
728495140691300,Milion chvilek pro demokracii,"Milion Chvilek, z. s.",6943
119598071962341,Centrum pro regionální rozvoj České republiky,Centrum pro regionální rozvoj České republiky,6554
181682098362773,DICK-TATOR,DICK-TATOR,6418
179497582061065,Tomio Okamura - SPD,Svoboda a přímá demokracie,5992
116445271562547,Dárek,Nadační fond pro Ukrajinu,5429
157741540937883,CARE Česká republika,CARE Česká republika,5084
134019826669125,Česká divočina,Hnutí DUHA,4923
295889117124834,Tipsport,Tipsport,4738
251656685576,KDU-ČSL,KDU-ČSL,4649
104888111732005,Barbora Urbanová,Starostové a nezávislí • STAN,4391
989225617882268,"Martin Benkovič, 1. místostarosta Prahy 17 - Řepy","Martin Benkovič, 1. místostarosta Prahy 17 - Řepy",3959
122074554119,EU Social,EU Social,3941
424114981002397,Český rozhlas Plus,Český rozhlas,3354
183287971525413,Chaos12,These ads ran without a disclaimer,3352
100843142503124,Podcast Zjisti víc,Zjisti víc,3045
30575632699,ODS - Občanská demokratická strana,ODS - Občanská demokratická strana,2923
107736952362788,Denik.to,Denik.to,2802
1477535869227488,Vít Rakušan,STAROSTOVÉ A NEZÁVISLÍ,2736
278451599256,"Má to smysl, třídím odpad!","EKO KOM, a.s.",2576
2072757199653321,Zachraňme Železniční most,Zachraňme Železniční most,2514
90002267161,TOP 09,TOP 09,2381
1469427909957890,Reportér magazín,Reportér magazín,2235
149945438407451,Svoboda zvířat,"Svoboda zvířat Plzeň, z.s.",2159
192892890746298,Aerofilms,Aerofilms,2064
100258505300069,Za bydlení,Za bydlení,2056
55408246161,Amnesty International ČR,Amnesty International ČR,1996
2214398435317853,CNN Prima NEWS,FTV Prima,1951
125453991470833,SEN 21 - politické hnutí,SEN 21,1919
102778979062932,Digitální Česko,Úřad vlády České republiky,1917
34825122262,Časopis Reflex,CZECH NEWS CENTER a. s.,1899
344542362982337,Heroine.cz,"NextPage Media, s.r.o.",1862
693725074166331,Naše zdravotnictví,Naše zdravotnictví,1855
872454636138704,OBRAZ - Obránci zvířat,OBRAZ - Obránci zvířat,1732
108726857444837,České zájmy v EU,DFMG,1695
139379141293,Paměť národa,"Post Bellum, z.ú.",1691
384187235387895,Alena Schillerová,ANO,1684
127355564021146,Knihkupectví Luxor,"Euromedia Group, a.s.",1669
197010357446014,Ondřej Prokop,Ondrej Prokop,1660
50309511751,Český rozhlas - Radiožurnál,Český rozhlas,1623
264983260329918,Rádio Universum,Kupředu do minulosti s.r.o.,1605
424649884060896,Zrušme komunisty,"Listopad ještě neskončil, z.s.",1564
143396625517097,Tomáš má rád Jihlavu,Tomáš má rád Jihlavu,1482
298789466930469,KSČM - Komunistická strana Čech a Moravy,Komunistická strana Čech a Moravy,1459
101484914694453,Bioscop - Filmy v kinech,Bioscop - Filmy v kinech,1433
100201752249169,Spolu21,Občanská demokratická strana,1375
113322746709049,Karel Havlíček,ANO,1368
103567498863549,Ecoista,Ecoista,1315
392036724286541,Zdravotnický deník,Limegreen s.r.o.,1290
711658465662315,XTV,XTV,1255
117823623864,Transparency International ČR,Transparency International ČR,1186
206630153142726,Marek Výborný,KDU-ČSL,1180
204790179389399,RARE Racionální regulace,RARE Racionální regulace,1109
574107592700484,Ministerstvo průmyslu a obchodu,Ministerstvo průmyslu a obchodu,1085
228361180513562,Deník e15,CZECH NEWS CENTER a. s.,1065
301374529736447,Midea Česko,These ads ran without a disclaimer,1047
223117541065037,Karel Janeček,Karel Janeček,1028
2019114464985347,Chyťte Bureše,Chyťte Bureše,1028
416970502094774,Jarda Chalupský,Chalupský,1023
111210916534,Příběhy bezpráví,Příběhy bezpráví,991
393968607139343,Good Company Circle,Good Company Circle,979
129493966920107,Investipo,EAFG Capital Ventures s.r.o.,978
100568506223945,Valdes kouguem,These ads ran without a disclaimer,950
1401321553476901,Jan Farský,"MEP Jan Farský, Group of the European People's Party in the European Parliament",943
103059308644099,Replastuj.cz,Replastuj.cz,941
102763112397884,Jan Hušbauer,Jan Hušbauer,926
382641704925474,Ocelový fénix,AMI Communications,920
1094454530733590,KLDR živě: Za 38. rovnoběžkou,KLDR živě: Za 38. rovnoběžkou,901
1410403182565683,Petr Hladík,KDU-ČSL,895
109323929038,Česká pirátská strana,Česká pirátská strana,880
109056560836,iFortuna.cz,iFortuna.cz,845
100955509189359,Redakce NF Svědomí národa,Nadační fond Svědomí národa,838
40583438943,NESEHNUTÍ,NESEHNUTÍ,815
662196877287140,Tomáš Třetina,PRodukujeme,812
315972808450196,ČSOB,ČSOB,778
297565827101858,"Díky, že můžem","Díky, že můžem, z. s.",766
105243115766863,Síť k ochraně demokracie,Síť k ochraně demokracie,740
609246842426009,Rekonstrukce státu,Rekonstrukce státu,730
579215965436046,JSNS,JSNS,704
220814337523,Kurzy.cz,"Kurzy.cz, spol. s r.o.",671
415472211798220,Prague Pride,Prague Pride z.s.,670
731980267233834,AllatRa TV Česko-Slovensko,AllatRa TV Česko-Slovensko,646
134443820058669,Zbyněk Stanjura,ODS - Občanská demokratická strana,642
206407509818,Blesk.cz,CZECH NEWS CENTER a. s.,626
202566776504980,ŽIVOT 90,ŽIVOT 90,622
742950425746951,Ministerstvo zemědělství,Ministerstvo zemědělství,611
102575351265303,Silent Woods,These ads ran without a disclaimer,609
93433992603,Hospodářské noviny,Hospodářské noviny,604
1416733788557863,Pravda o vodě a voda lidem,Nadační fond PRAVDA O VODĚ,595
122414944594991,"Chrenek, Toman, Kotrba advokátní kancelář","Chrenek, Toman, Kotrba advokátní kancelář",590
165004157332215,EWA: Learn Languages,These ads ran without a disclaimer,574
104970479178796,Pozitivně k recyklaci,Pozitivně k recyklaci,572
58887737763,Hnutí DUHA - Přátelé Země Česká republika,Hnutí DUHA - Přátelé Země Česká republika,534
551976351670874,Zdeněk Hraba • váš senátor,Zdeněk Hraba - senátor,529
116936778126005,Marie Pošarová - SPD,Marie Pošarová - SPD,525
103596561838998,Svedomi-naroda.cz,Nadační fond Svědomí národa,523
573004246504627,Bohéma,Bohéma,517
799083753454179,Voxpot,Voxpot z. ú.,507
407123679457928,Zbyněk Stejskal starosta města Havlíčkův Brod,Zbyněk Stejskal starosta města Havlíčkův Brod,500
487445514669670,Petr Fiala,ODS - Občanská demokratická strana,500
158980731475210,Nina Spitalnikova,Nina Spitalnikova,475
108254295004217,Jdeme o krok dál,Jdeme o krok dál,474
119384121259027,Budoucnost Bydlení,These ads ran without a disclaimer,456
103568159436395,Datarun.cz,Datarun.cz,455
101288484695293,Evropská soda,DFMG,454
115106741622257,Roman Ďurčo,Roman Ďurčo,450
1558359124403846,Každá plechovka se počítá,Každá plechovka se počítá,442
284944781875,EURACTIV.cz,EURACTIV.cz,437
321108674718315,Make e Moda,These ads ran without a disclaimer,423
822146574595819,Agrární komora České republiky,Agrární komora České republiky,418
106834174877753,Svět hospodářství,"SH media, spol. s r.o.",410
40155481542,ROMEA,"ROMEA, o. p. s.",396
100558309347647,Muzala Samukonga,These ads ran without a disclaimer,396
106901094332851,Recykluj - nespaluj,Recykluj - nespaluj hys,392
221273594412886,Despre Moldova - Cehia,Despre Moldova - Cehia,390
1483237748591093,Festival svobody,These ads ran without a disclaimer,383
103430204491217,Robert Šlachta,PŘÍSAHA - občanské hnutí Roberta Šlachty,377
249201591615338,kingsbet CZ,kingsbet CZ,368
102593189144504,Karolína Kubisková,Karolína Kubisková,356
162620837267478,Jan Bartošek,Jan Bartošek,356
163922593467373,Advokátní kancelář LEGISTES,Lucie Slováková (AK Legistes),350
2294380230800406,AJNA dental clinic,AJNA dental clinic,347
124152241443,Čmelák - Společnost přátel přírody,Čmelák - Společnost přátel přírody,346
177139666120181,Vlastimil Válek,TOP 09,336
245915525601678,Lukáš Wagenknecht,Lukáš Wagenknecht,334
1460486154172874,Avanzza MKT,These ads ran without a disclaimer,328
275042429350706,Tomáš Zdechovský,Tomáš Zdechovský,328
107042794245314,Lubomír Brož - poslanec Parlamentu ČR a zastupitel Praha 5,Lubomír Brož - poslanec Parlamentu ČR a zastupitel Praha 5,327
38492561701,AutoMat,"AutoMat, z.s.",323
863066993754032,LOCIKA - centrum pro děti ohrožené domácím násilím,Centrum LOCIKA,323
119008668131956,Citypark Jihlava,These ads ran without a disclaimer,320
1395881230682843,Luděk Niedermayer,Luděk Niedermayer,312
415013742606508,Asiaskop,"Sinoskop – Institut pro současnou Čínu, z.s.",300
278212515809,Kancelář Evropského parlamentu,Kancelář Evropského parlamentu v České republice,292
567229570370422,Eva Decroix,Eva Decroix,291
2244726532215982,Senátorský klub - Starostové a nezávislí,Senátorský klub Starostové a nezávislí,285
113528310021484,Šimon Pánek,"Člověk v tísni, o.p.s.",283
125830487980906,Solární asociace,Solární asociace,281
1493915637496087,Radomír Nepil - místostarosta Osmičky,Radomír Nepil - místostarosta Osmičky,277
245915525601678,Lukáš Wagenknecht,Česká pirátská strana,275
325393357941714,Brněnský sedmnáctý,Brněnský sedmnáctý,274
166088024273,Nakladatelství Portál,Nakladatelství Portál,273
155406703122,Arnika,Arnika - Centrum pro podporu občanů,271
687843237907830,Mladé Pirátstvo,Česká pirátská strana,266
1956144064659620,BlueTV,Aliance pro budoucnost,256
629195630792582,Sociální bydlení v ČR,Sociální bydlení v ČR,249
797495933631139,Roman Roun,Komunistická strana Čech a Moravy,247
317530692148022,Evropa v datech,DFMG,245
119441777836709,CITYA mobility,CITYA mobility,238
183496134175,Radio Prague,Český rozhlas,237
257529307701966,Jiří Pospíšil,TOP 09,230
204790179389399,RARE Racionální regulace,These ads ran without a disclaimer,225
153384318085064,EUROPEUM Institute for European Policy,EUROPEUM Institute for European Policy,223
397919187215,Evropská komise v ČR,Evropská komise v ČR,221
461340680584235,Mladí lidovci,Mladí lidovci,220
1701718886552103,Moje Evropa,Moje Evropa,215
553405241527947,Kancelář architekta města Brna - KAM Brno,Kancelář architekta města Brna,214
1962450550674040,TVarchitect.com,Living Media s.r.o.,204
100819232400756,Koncert pro budoucnost,Koncert pro budoucnost,202
101880621377871,"Martin Mrkos, starosta Žďáru nad Sázavou","Martin Mrkos, starosta Žďáru nad Sázavou",200
252375370791,In IUSTITIA,"In IUSTITIA, o.p.s.",197
462619436938494,International support service,These ads ran without a disclaimer,195
133785617564,Česká fotbalová reprezentace,These ads ran without a disclaimer,193
548487565163265,"Buď Čech, buď laska","Buď Čech, buď laska",192
209788605791373,Heinrich-Böll-Stiftung Prague,"Heinrich-Böll-Stiftung e.V., kancelář v Praze",190
164024787880257,Adapterra,Nadace Partnerství,185
225016997351346,Pravda Vítězí,Spolek Odchod,178
60516116431,Člověk v tísni,These ads ran without a disclaimer,173
810056782516469,Patrik Nacher,ANO,171
187914681077210,Ladislav Vrabel,ČESKÁ REPUBLIKA NA 1. MÍSTĚ!,170
241108842691754,Magnesia,These ads ran without a disclaimer,169
101587908186187,Senátor Zbyněk Sýkora,Zbyněk Sýkora,165
105422232487401,Bold News,Bold News,164
426693680519323,Slibem neuzdravíš,Lékařský odborový klub - Svaz českých lékařů,163
1570680696523246,Institut pro politiku a společnost,Institut pro politiku a společnost,161
378937462177458,RD Rýmařov,RD Rýmařov,155
107563435940797,Skanska v ČR a SR,Skanska v ČR a SR,155
114535710292639,Homeenergy.cz,These ads ran without a disclaimer,153
511497365600515,Markéta Pekarová Adamová,TOP 09,152
966463226699666,Ceny Jana Opletala,"Díky, že můžem z. s.",150
220092391192485,Tatiana Kárová,Tatiana Kárová,139
1382379128444365,Margita Balaštíková - poslankyně,Margita Balaštíková - poslankyně,136
241669269037364,Tomáš Messing,Spolek Odchod,131
1060889564019324,Tomáš Prouza,Tomáš Prouza,121
109961708643319,Larry Larewaju,These ads ran without a disclaimer,119
163914317133681,Jana Hanzlíková - poslankyně,Jana Hanzlíková - poslankyně,117
146713862010620,Martin Baxa,Martin Baxa,116
280617905401953,Alexandra Udženija,Občanská demokratická strana,115
597980334012769,Svoboda a přímá demokracie Moravskoslezský kraj - SPD,Svoboda a přímá demokracie (SPD),113
104972032239881,AntiYoutuber.cz,These ads ran without a disclaimer,111
288004403427,"Friedrich-Ebert-Stiftung, zastoupení v České republice","Friedrich-Ebert-Stiftung, zastoupení v České republice",109
119624098506,Kateřina Konečná,Kateřina Konečná,106
104083252536484,František Bureš,František Bureš,102
100973116090569,Tai Viet 03,These ads ran without a disclaimer,≤100
107579032190897,Ornare sit morbi,These ads ran without a disclaimer,≤100
189520154425807,Ministerstvo životního prostředí,Ministerstvo životního prostředí,≤100
1776002445975063,V síti Ivana Langera,RiverSong s.r.o.,≤100
105199845319158,Tomáš Kaněra - starosta MČ Praha 22,Tomáš Kaněra - starosta MČ Praha 22,≤100
100647378751279,Pavla Pivoňka Vaňková STAN,Pavla Pivoňka Vaňková STAN,≤100
102844685102730,Olga Richterová - místopředsedkyně Sněmovny,Česká pirátská strana,≤100
100563565936696,Sanford Kafutu Business Management,These ads ran without a disclaimer,≤100
447844645078491,Ucimolgbt.cz,Prague Pride z. s.,≤100
317427175024030,Proměny zahrad,Karel Komárek Family Foundation,≤100
367286396696386,ITTEC,These ads ran without a disclaimer,≤100
107572505087543,AŘOV - Asociace řidičů osobních vozidel,"Asociace řidičů osobních vozidel, z.s.",≤100
566910516721103,Jaroslava Pokorná Jermanová,Jaroslava Pokorná Jermanová,≤100
514533821741122,Pestré jídelny,Nesehnutí,≤100
2149656682011295,RadoVan,RadoVan,≤100
481882431991896,Česko-německý fond budoucnosti/ Deutsch-Tschechischer Zukunftsfonds,Česko-německý fond budoucnosti,≤100
523450094407778,Marek Ženíšek,TOP 09,≤100
101912608033407,Petra Prokšanová,Petra Prokšanová,≤100
822146574595819,Agrární komora České republiky,These ads ran without a disclaimer,≤100
456578391030191,Vzdělávací program Varianty -  Člověk v tísni,Člověk v tísni o.p.s.,≤100
553773474671244,Martin Kupka,Občanská demokratická strana,≤100
105767998915813,Javed Becker,These ads ran without a disclaimer,≤100
100793736209591,Česká republika na 1. místě,Česká republika na 1. místě,≤100
90594467955,Česká spořitelna,These ads ran without a disclaimer,≤100
139379141293,Paměť národa,These ads ran without a disclaimer,≤100
351328815012336,Milan Krajča,Milan Krajča,≤100
104398128891546,Jan Hrušovský,Jan Hrušovský,≤100
105928175350796,Mária Ševčíková - 1. místostarostka Prahy 14,Mária Ševčíková - 1. místostarostka Prahy 14,≤100
162177293829972,Rádio Blaník,"Media Marketing Services, a.s.",≤100
109723118189780,"Lenka Knechtová, poslankyně Parlamentu ČR",ANO Jihomoravský kra,≤100
426207097775426,ebankrot.cz,"ADKINS Legal, s.r.o.",≤100
111823221634294,Jule Haehner,These ads ran without a disclaimer,≤100
107865768931987,Maria Hanclova,Maria Hanclova,≤100
109312294926861,2. ekonomická transformace,Digital First Marketing Group s.r.o.,≤100
400479656748554,Ivan Bartoš,Česká pirátská strana\t,≤100
370893616113485,Petr Kowanda,Petr Kowanda,≤100
103895482145144,Zdeněk Kettner - SPD,Zdeněk Kettner - SPD,≤100
1674237579543550,JTZE,JTZE,≤100
104208542332869,"Fridays for cars, energy and freedom - CZ",Fridays For Cars CZ,≤100
362665747414675,Kuchařky bez domova,Kuchařky bez domova,≤100
118843734554059,Republicans Overseas Czech Republic,Republicans Overseas Czech Republic,≤100
214446241928330,Česká filharmonie,These ads ran without a disclaimer,≤100
111107168256877,Karel Dvořák,Karel Dvořák,≤100
594426030604429,Martin Procházka,Martin Procházka,≤100
952005618247538,Martin Červíček,Martin Červíček,≤100
541077242579260,TOPAZ,TOPAZ,≤100
202392473167706,"Mezinárodní vězeňské společenství, z. s.","Mezinárodní vězeňské společenství, z.s.",≤100
146955527905,EU Civil Protection & Humanitarian Aid,These ads ran without a disclaimer,≤100
115547421460987,sazkar_petr,These ads ran without a disclaimer,≤100
101932651984130,KultiVary,KultiVary z.s.,≤100
39371299263,Zelení - Strana zelených,Zelení - Strana zelených,≤100
321762510282,Michal Kučera,Michal Kučera,≤100
297117233483758,En Protos,These ads ran without a disclaimer,≤100
103513999144283,Rupesh Prince,These ads ran without a disclaimer,≤100
108452900574150,Institut pro restorativní justici,"Institut pro restorativní justici, z. s.",≤100
162501966947995,Minimální důstojná mzda,Minimální důstojná mzda,≤100
124884579804,Nakladatelství METAFORA,These ads ran without a disclaimer,≤100
849315472073267,Charita ve světě / Caritas Czech Republic in the world,Charita ve světě / Caritas Czech Republic in the world,≤100
56844830907,ESET,These ads ran without a disclaimer,≤100
100625058724688,Newsgate.cz,Newsgate.cz,≤100
1649724681776439,ProMOST,ProMOST,≤100
2724697507604207,Petr Kratochvíl - radní města Brna pro dopravu,Petr Kratochvíl - radní města Brna pro dopravu,≤100
110395247524264,Švýcarská demokracie,Švýcarská demokracie (www.svycarska-demokracie.cz),≤100
468803866296815,Jaroslav Linek,Jaroslav Linek,≤100
467298366652832,Радио Прага,Радио Прага,≤100
295548227773122,Triada,Triada spol. s r. o.,≤100
1451909405021929,Applifting,Applifting s.r.o.,≤100
302134090396266,Zdeněk Hřib - náměstek pro dopravu,Česká pirátská strana - Praha,≤100
100258505300069,Za bydlení,These ads ran without a disclaimer,≤100
109056560836,iFortuna.cz,These ads ran without a disclaimer,≤100
1201085733241671,Café Evropa,EUROPEUM Institute for European Policy,≤100
389319097602660,Hluboká nad Vltavou - oficiální,Město Hluboká nad Vltavou,≤100
283796335522682,Lepší Beroun,Lepší Beroun,≤100
113575165174742,Učím o klimatu,Člověk v tísni o.p.s.,≤100
103624831753285,Jiří Crha - starosta Blanska a náměstek hejtmana JMK,ODS,≤100
293800277153071,Frontier Feed,These ads ran without a disclaimer,≤100
525606624188429,revue Prostor,revue Prostor,≤100
443133249062600,STAN Jihočeský kraj,STAN Jihočeský kraj,≤100
444861662333137,Obcasnik.eu,OBCASNIK.EU,≤100
153968834786942,Fashion Arena Prague Outlet,SurikataPR,≤100
311455292595290,Ivan Hýža - místostarosta Kunratic,Ivan Hýža - místostarosta Kunratic,≤100
176173883021695,Robert Stržínek,Robert Stržínek,≤100
158980731475210,Nina Spitalnikova,These ads ran without a disclaimer,≤100
477975245401628,ČeskéNow,These ads ran without a disclaimer,≤100
330010460205865,MOD Agency,These ads ran without a disclaimer,≤100
349496602364,ODS Středočeský kraj,ODS Středočeský kraj,≤100
121414737897090,"LEXUM - oční kliniky, ambulance, optiky","LEXUM - oční kliniky, ambulance, optiky",≤100
1624542154525628,Vítězslav Novák,Vítězslav Novák,≤100
382641704925474,Ocelový fénix,These ads ran without a disclaimer,≤100
417959304728041,Голос Европы,These ads ran without a disclaimer,≤100
236837869508812,IKomunita,These ads ran without a disclaimer,≤100
629968647053447,Compassion in World Farming Česko,Compassion in World Farming Česko,≤100
107476418136976,Někdo Ti uvěří,Někdo Ti uvěří,≤100
349564778485733,Students for Liberty CZ,Students for Liberty CZ,≤100
112201698344047,Milan Urban,Milan Urban,≤100
332418787330819,VOK - Volba pro kraj,"Volba pro kraj, politické hnutí",≤100
245094455536925,FOUR PAWS,These ads ran without a disclaimer,≤100
46675324988,Seznam.cz,These ads ran without a disclaimer,≤100
1945602685670091,Asociace provozovatelů mobilních sítí,These ads ran without a disclaimer,≤100
106174915301896,Historické dárky,These ads ran without a disclaimer,≤100
2246804255356839,FightLive CZ/SK,GTO,≤100
116768044810911,Fantastic dbl4,These ads ran without a disclaimer,≤100
100769312048282,Health Horizons,These ads ran without a disclaimer,≤100
364927456714255,jiri.pribyl,These ads ran without a disclaimer,≤100
102423042522223,Water Trek,These ads ran without a disclaimer,≤100
107898798686030,Postcards from Ukraine,These ads ran without a disclaimer,≤100
110321812760526,Quick Trade,These ads ran without a disclaimer,≤100
114078158240174,Ray Arturo Thai-Binh 192670,These ads ran without a disclaimer,≤100
351244834736685,Conquer Countries,These ads ran without a disclaimer,≤100
872454636138704,OBRAZ - Obránci zvířat,These ads ran without a disclaimer,≤100
468803866296815,Jaroslav Linek,These ads ran without a disclaimer,≤100
160155036136107,Digital Health,These ads ran without a disclaimer,≤100
917450784989188,Philips Hue Česko a Slovensko,These ads ran without a disclaimer,≤100
1443742905864726,Zbyněk Linhart - Krásná Lípa,Zbyněk Linhart,≤100
634087193362282,Společnost pro obranu svobody projevu,Společnost pro obranu svobody projevu,≤100
109780349685936,Lenka Dražilová politička,Lenka Dražilová,≤100
213802435698566,TVbydleni.cz,Living Media s.r.o.,≤100
103055665668357,Koridor UA,These ads ran without a disclaimer,≤100
133861913307427,VYŠEHRAD nakladatelství,These ads ran without a disclaimer,≤100
525606624188429,revue Prostor,These ads ran without a disclaimer,≤100
124212050978293,Kverulant org,Kverulant org,≤100
111617451012493,Libor Turek,ODS,≤100
315747282263515,"Jakub Stárek, starosta Šestky",Jakub Stárek,≤100
693378177364840,ProVeg International,These ads ran without a disclaimer,≤100
166628854208874,Morava milá a moderní - M3,Morava milá a moderní - M3,≤100
709036592472710,Filozofická fakulta Masarykovy univerzity,Filozofická fakulta Masarykovy univerzity,≤100
299124538476,Zachraňme lesy,Hnutí DUHA - Přátelé Země Česká republika,≤100
56987874554,Liga otevřených mužů,Liga otevřených mužů,≤100
267485833114199,Tresjob,These ads ran without a disclaimer,≤100
191487317696220,Vladimír Barák - novinář,Vladimír Barák - novinář,≤100
424700165133,Diakonie ČCE,Diakonie ČCE,≤100
206715912687325,Prázdninovka,"Prázdninová škola Lipnice, z. s.",≤100
109907997841447,Mercedes-Benz Trucks CZ,These ads ran without a disclaimer,≤100
840906766014124,Jana Mračková Vildumetzová,ANO,≤100
118904461524646,Frank Bold,Frank Bold,≤100
148720901649667,Abamal,These ads ran without a disclaimer,≤100
102412049180933,Ivana Turková,Ivana Turková,≤100
426667000534079,"Kamila Bláhová, starostka a poslankyně","Kamila Bláhová, starostka a poslankyně",≤100
232304553456879,Centrum politických studií,Centrum politických studií,≤100
768678816522623,Filament PM,These ads ran without a disclaimer,≤100
566691376754726,Businessinfo.cz,These ads ran without a disclaimer,≤100
1562059410771351,Luboš Zálom • Svobodní,Luboš Zálom • Svobodní,≤100
226207821151572,Marek Novák,Marek Novák,≤100
2702635856478590,Think tank Racionální politika závislostí,These ads ran without a disclaimer,≤100
101303247913146,Průvodce podnikáním,These ads ran without a disclaimer,≤100
102781721900352,D club Jihlava,These ads ran without a disclaimer,≤100
148545228915507,Mad Duck booking,These ads ran without a disclaimer,≤100
736600316444348,Mike Hall,These ads ran without a disclaimer,≤100
549762515189935,Lucie Šafránková,Lucie Šafránková,≤100
574403236101561,Ivo Vondrák,hnutí O.k.,≤100
102094013222561,B. Braun,These ads ran without a disclaimer,≤100
104523639244735,"Petr Šula, 1. místostarosta MČ Praha 12","Petr Šula, 1. místostarosta MČ Praha 12",≤100
353798643589,Nadace OSF,Nadace OSF,≤100
157741540937883,CARE Česká republika,These ads ran without a disclaimer,≤100
2106629662903134,Brno Brňankám a Brňanům,Brno Brňankám a Brňanům,≤100
168144179718733,Psychologie a příroda,Psychologie a příroda,≤100
573072719532614,Forest.ink,These ads ran without a disclaimer,≤100
1724429451179435,Alternativa středočeské D3,Alternativa středočeské D3,≤100
215661292342258,Praha - město pro život,Praha - město pro život,≤100
115550763185294,Silvermix,These ads ran without a disclaimer,≤100
1571432816412854,Ministerstvo pro místní rozvoj,Ministerstvo pro místní rozvoj ČR,≤100
103055665668357,Koridor UA,Koridor UA,≤100
597980334012769,Svoboda a přímá demokracie Moravskoslezský kraj - SPD,These ads ran without a disclaimer,≤100
113489557033298,Mourek - politická strana,Libeňský mourek,≤100
107733504431288,CEVRO ARENA,"CEVRO ARENA, s.r.o.",≤100
164815317047040,Jan Bureš,Jan Bureš,≤100
107709145477704,Vojtěch Bednář,Vojtěch Bednář,≤100
123343344354078,"Hitrádio City 93,7 FM","Media Marketing Services, a.s.",≤100
385603961307975,zit.posvem,These ads ran without a disclaimer,≤100
174443196377298,Krutý krtek,"Krutý krtek, z. s.",≤100
151503164487,Nakladatelský dům GRADA,These ads ran without a disclaimer,≤100
434518980326815,Šumperáci,Šumperáci,≤100
495496033796328,Stanislav Blaha,Stanislav Blaha,≤100
157675528222654,"Martin Valovič, starosta Prahy 10",ODS - Občanská demokratická strana,≤100
108016842119711,Svatopluk Bartík,Svatopluk Bartík,≤100
451080231410939,HLASY Severu,These ads ran without a disclaimer,≤100
111210916534,Příběhy bezpráví,These ads ran without a disclaimer,≤100
111244775390016,Natálie Vachatová,Natálie Vachatová,≤100
312595399092921,Bez frází,These ads ran without a disclaimer,≤100
161735100539713,By PINK,By PINK,≤100
130981220272725,Zelení Praha 3,Zelení Praha 3,≤100
251987717997284,Společně proti rasismu a fašismu,Společně proti rasismu a fašismu,≤100
237185496149569,Škola pro zvídálky,Škola pro zvídálky,≤100
104087131747633,Zaostřeno,Zaostřeno,≤100
105870372410822,Jiří Čtvrtník,These ads ran without a disclaimer,≤100
460371703825518,BioCycle Grow,These ads ran without a disclaimer,≤100
120461304659141,O2 CZ,These ads ran without a disclaimer,≤100
456578391030191,Vzdělávací program Varianty -  Člověk v tísni,These ads ran without a disclaimer,≤100
39950637446,Junák - český skaut,These ads ran without a disclaimer,≤100
325598224118133,Viessmann Climate Solutions,These ads ran without a disclaimer,≤100
108256752103532,Josef Soumar - místostarosta Písku,Josef Soumar - místostarosta Písku,≤100
72854632984,Hitrádio ORION,"Media Marketing Services, a.s.",≤100
447167062064041,Vladimíra Ludková,CORP Production s.r.o.,≤100
1532749866981060,AynRand.cz,AynRand.cz,≤100
1982660762016859,Zuzana Ožanová - poslankyně,Zuzana Ožanová - poslankyně,≤100
431286687721719,Síla pacientů,These ads ran without a disclaimer,≤100
111041662264882,Sociální demokracie,Sociální demokracie,≤100
228222420382410,nikolas.mayer,These ads ran without a disclaimer,≤100
250241168386994,Národní divadlo Brno,These ads ran without a disclaimer,≤100
0,Instagram User 2262289910,These ads ran without a disclaimer,≤100
334261880321404,Visegradský jezdec,These ads ran without a disclaimer,≤100
112397501773045,Forest.io,These ads ran without a disclaimer,≤100
101705226314145,Karel Jurka - starosta Vyškova a radní Jihomoravského kraje,ODS,≤100
104234565840975,DIPLO Transport & Logistics - global,These ads ran without a disclaimer,≤100
947423695277896,JRD - Pro udržitelný život,These ads ran without a disclaimer,≤100
289047328536,OC FUTURUM Hradec Králové,These ads ran without a disclaimer,≤100
104549845969112,Oldřich Černý,Oldřich Černý,≤100
107415778426373,Lipensko pro život,"Lipensko pro život, z.s.",≤100
405117806026864,iŽeleznice,These ads ran without a disclaimer,≤100
386253417912321,Založené Oddělení,Založené Oddělení,≤100
232706386763290,Prague Boats,These ads ran without a disclaimer,≤100
167724669972197,Aluprof inspiruje,These ads ran without a disclaimer,≤100
52479821102,Týdeník Respekt,Respekt Media a.s.,≤100
136321179736302,Sdružení SOVA,These ads ran without a disclaimer,≤100
109725215092123,RFI Українською,These ads ran without a disclaimer,≤100
134722653342602,DAFilms CZ,DAFilms CZ,≤100
517173808442534,Pytlíkov.cz,These ads ran without a disclaimer,≤100
2355870998014543,Sázíme budoucnost,Nadace Partnerství,≤100
413781585866108,Zuzana Böhmová - místostarostka Prahy 11,Česká pirátská strana,≤100
466870383178714,Андрей Подгорный,These ads ran without a disclaimer,≤100
105846686180849,Stop násilí,Stop násilí,≤100
228361180513562,Deník e15,These ads ran without a disclaimer,≤100
110284209841,Hvězdárna a planetárium Brno,These ads ran without a disclaimer,≤100
200800880372384,Nový Prostor,"Nový Prostor, z.ú.",≤100
104333862287254,UniCredit,These ads ran without a disclaimer,≤100
122904381068079,divadlo Líšeň,Divadlo Líšeň z.s.,≤100
149188732082,"Gender Studies, o.p.s.",These ads ran without a disclaimer,≤100
1477502522567102,Expres.cz,These ads ran without a disclaimer,≤100
102919891383931,Domy sobě,These ads ran without a disclaimer,≤100
374207829118098,Tetování.cz,These ads ran without a disclaimer,≤100
101954531415600,Lukáš Vlček • ministr průmyslu a obchodu,Lukáš Vlček • poslanec za Vysočinu,≤100
160084270693342,ODS Olomouc,Místní sdružení ODS   Olomouc-město,≤100
467458009783660,Národně sociální strana,These ads ran without a disclaimer,≤100
356715760858791,biotrin_cz,These ads ran without a disclaimer,≤100
668779973132208,Regionální televize Ústecko,These ads ran without a disclaimer,≤100
233863789801404,Petr Hlaváček,These ads ran without a disclaimer,≤100
321754948555757,Vojtěch Krňanský - starosta,Vojtěch Krňanský - starosta,≤100
102499052190558,CEDMO,CEDMO,≤100
117156120152331,World Radio,These ads ran without a disclaimer,≤100
476377929220723,IDEA při CERGE-EI,These ads ran without a disclaimer,≤100
103006121249974,"Healing Viewpoint: v léčivé fotografii a mimořádnostech, co život nesou",These ads ran without a disclaimer,≤100
306118026622413,Brocast,These ads ran without a disclaimer,≤100
178171871926,Dilmah Tea,These ads ran without a disclaimer,≤100
266313251557,Akademie ČTK,These ads ran without a disclaimer,≤100
1698414703768042,NO.20 Komenského,These ads ran without a disclaimer,≤100
236488496391722,Forbes Česko,These ads ran without a disclaimer,≤100
778710765608493,MČ Praha - Nedvězí,These ads ran without a disclaimer,≤100
444615295394309,Важные Новости,These ads ran without a disclaimer,≤100
330999140313095,(A)void Café,These ads ran without a disclaimer,≤100
2724697507604207,Petr Kratochvíl - radní města Brna pro dopravu,These ads ran without a disclaimer,≤100
799083753454179,Voxpot,These ads ran without a disclaimer,≤100
2116316731934557,Sarah Hayat,These ads ran without a disclaimer,≤100
289326184364,PRAGMOON,These ads ran without a disclaimer,≤100
101719699329356,Klára Šimáčková Laurenčíková - zmocněnkyně vlády pro lidská práva,These ads ran without a disclaimer,≤100
118342924551944,Rostislav Šťastný,These ads ran without a disclaimer,≤100
108569545494102,Martin Castro,These ads ran without a disclaimer,≤100
158714780827513,UNFPA,These ads ran without a disclaimer,≤100
104497295574285,Oto Řezáč - revival,Oto Řezáč - revival,≤100
166738586813797,Břetislav Štefan,Břetislav Štefan,≤100
389319097602660,Hluboká nad Vltavou - oficiální,These ads ran without a disclaimer,≤100
461565423919014,ORAZ,These ads ran without a disclaimer,≤100
304672086055834,UAQA,These ads ran without a disclaimer,≤100
1499849183611079,Obec Hrobčice,These ads ran without a disclaimer,≤100
197675639025,Kosmas.cz,These ads ran without a disclaimer,≤100
177975559393132,Candy Bull,These ads ran without a disclaimer,≤100
174443196377298,Krutý krtek,These ads ran without a disclaimer,≤100
108233764756974,Energie Bez emisí,These ads ran without a disclaimer,≤100
335021203027868,Martin Skřivanec,These ads ran without a disclaimer,≤100
192926034666717,Václav Pláteník,Václav Pláteník,≤100
982070611882177,Obličejová jóga,These ads ran without a disclaimer,≤100
111944454819587,Studio W - firemní vzdělávání,These ads ran without a disclaimer,≤100
121414737897090,"LEXUM - oční kliniky, ambulance, optiky",These ads ran without a disclaimer,≤100
100347228813654,Martin Hájek,Martin Hájek,≤100
567147076746992,Senátor Jiří Vosecký - Vosa v Senátu,Starostové pro Liberecký kraj,≤100
370012586206372,Rádio Socio,Podcast Media s.r.o.,≤100
100819232400756,Koncert pro budoucnost,These ads ran without a disclaimer,≤100
528573226994553,Peter Tavel - váš kandidát na rektora,Peter Tavel,≤100
325393357941714,Brněnský sedmnáctý,These ads ran without a disclaimer,≤100
110554525653740,Karlovarský kraj - oficiální stránka,Karlovarský kraj,≤100
181944308330576,Pavel Koňařík,Pavel Koňařík,≤100
297935793562510,CK SEN,These ads ran without a disclaimer,≤100
152180357976361,Tadeáš Bača,Tadeáš Bača,≤100
148545228915507,Mad Duck booking,Mad Duck booking,≤100
111107168256877,Karel Dvořák,These ads ran without a disclaimer,≤100
195719543633942,Tomáš Doležal SPD,These ads ran without a disclaimer,≤100
165087446679536,Feel The Facts,These ads ran without a disclaimer,≤100
113626236713719,Solar Energy Expo,These ads ran without a disclaimer,≤100
1339509966074626,Hope Recycling Station,These ads ran without a disclaimer,≤100
1425502434411911,Transparent CZ,These ads ran without a disclaimer,≤100
915410985473768,LP Energy - Energetické poradenství,These ads ran without a disclaimer,≤100
467621540446,Divadlo Bolka Polívky,These ads ran without a disclaimer,≤100
308412647383,JC-Metal,These ads ran without a disclaimer,≤100
52479821102,Týdeník Respekt,These ads ran without a disclaimer,≤100
102606849502607,Окунь Сергій,These ads ran without a disclaimer,≤100
178554872015652,House Cultures,These ads ran without a disclaimer,≤100
2246804255356839,FightLive CZ/SK,These ads ran without a disclaimer,≤100
1396621210579935,Stážujeme.cz,Stážujeme.cz,≤100
271054846258904,Praha 3,Městská část Praha 3,≤100
916132471761586,Elegantní Česko,These ads ran without a disclaimer,≤100
103568159436395,Datarun.cz,These ads ran without a disclaimer,≤100
233310997324608,Nezávislí pro Stříbro,These ads ran without a disclaimer,≤100
155406703122,Arnika,Arnika,≤100
1752120748373620,Jana Šťastná - místostarostka Židenic,These ads ran without a disclaimer,≤100
173027296401,Střední škola obchodní a služeb SČMSD Polička s.r.o.,These ads ran without a disclaimer,≤100
150533271486410,Robert Hartman,These ads ran without a disclaimer,≤100
108610752315831,Budiž teplo,These ads ran without a disclaimer,≤100
103696135167136,František Koudela,František Koudela,≤100
389594514246972,Antonín Klecanda - radní pro školství a sport,These ads ran without a disclaimer,≤100
1469427909957890,Reportér magazín,These ads ran without a disclaimer,≤100
625530284136204,Zlín 21,Zlín 21,≤100
152534811582336,ENIKA.CZ,These ads ran without a disclaimer,≤100
400135006512410,XDIGR,These ads ran without a disclaimer,≤100
100692202953755,Monika_charova_finance,These ads ran without a disclaimer,≤100
166738586813797,Břetislav Štefan,These ads ran without a disclaimer,≤100
108333184928748,Quantcom,These ads ran without a disclaimer,≤100
185565074804788,Nakladatelství PROSTOR,These ads ran without a disclaimer,≤100
1562059410771351,Luboš Zálom • Svobodní,These ads ran without a disclaimer,≤100
113949954993614,MENA Research Center,These ads ran without a disclaimer,≤100
110907982252856,Oční centrum Praha a.s.,These ads ran without a disclaimer,≤100
123720971086368,Cinema City Česká republika,These ads ran without a disclaimer,≤100
249906498387772,Ústav estetické medicíny,These ads ran without a disclaimer,≤100
242117635912490,ODS - Plzeňský kraj,Občanská demokratická strana,≤100
558995474161225,Kaktus,These ads ran without a disclaimer,≤100
390881324793450,Sportovna,These ads ran without a disclaimer,≤100
101729038539214,Chomutovská koalice,Chomutovská koalice,≤100
258343517703804,Golden Gate,These ads ran without a disclaimer,≤100
1674202749319725,ACRI - Asociace podniků českého železničního průmyslu,These ads ran without a disclaimer,≤100
260872300658598,Vlastivědné muzeum v Olomouci,These ads ran without a disclaimer,≤100
48500568563,The Woody and Wilcox Show,These ads ran without a disclaimer,≤100
557700780951101,"Vojtěch Bednář, sociolog","Vojtěch Bednář, sociolog",≤100
441371052635518,Peter Harvánek - veřejný profil,Peter Harvánek - veřejný profil,≤100
144424312096639,Prostě fenomén,These ads ran without a disclaimer,≤100
274660935729542,Petice za zachování Nemocnice Boskovice,Petice za zachování Nemocnice Boskovice,≤100
271688916342751,"Michael Sinkule, zastupitel MO Plzeň 3","Michael Sinkule, zastupitel MO Plzeň 3",≤100
247496558635779,Jake&James,These ads ran without a disclaimer,≤100
447167062064041,Vladimíra Ludková,These ads ran without a disclaimer,≤100
574785829655277,Přidej se a strhni to,These ads ran without a disclaimer,≤100
314173801992238,Nadační fond pomoci Karla Janečka,These ads ran without a disclaimer,≤100
101629861374342,Zakladanistaveb,These ads ran without a disclaimer,≤100
1514681915242215,Město Veselí nad Moravou,These ads ran without a disclaimer,≤100
2198949580361251,Marek Viskot,Marek Viskot,≤100
223848441680279,Tomáš Dubský,STAROSTOVÉ A NEZÁVISLÍ,≤100
0,Instagram User 4987544339,These ads ran without a disclaimer,≤100
127601381272,Liga lidských práv,These ads ran without a disclaimer,≤100
388199977717789,Martin Horák,These ads ran without a disclaimer,≤100
375824363195,jewish-eshop.cz,These ads ran without a disclaimer,≤100
363156910219222,Vladislav Kropáček,These ads ran without a disclaimer,≤100
412701961936068,ZaridimeDotace,These ads ran without a disclaimer,≤100
152837797920099,Herbal Heaven,These ads ran without a disclaimer,≤100
103068351300691,Eduard Stehlík,These ads ran without a disclaimer,≤100
274981549029112,Sports Leaders Summit Ostrava,V4 Communications s.r.o.,≤100
416190415243,Fakulta životního prostředí - ČZU v Praze,These ads ran without a disclaimer,≤100
1570452536587919,Naučná stezka - Po stopách politických vězňů,These ads ran without a disclaimer,≤100
109445939080479,Najada.cz,These ads ran without a disclaimer,≤100
400523796472153,IdonUrp,These ads ran without a disclaimer,≤100
453787407821778,Kyryshenko Denys,These ads ran without a disclaimer,≤100
247194805295271,Helen Doron Global,These ads ran without a disclaimer,≤100
135156639833927,United Nations OCHA,These ads ran without a disclaimer,≤100
114431362549885,Bid Wars: Pawn Empire,These ads ran without a disclaimer,≤100
28312410177,World Food Programme,These ads ran without a disclaimer,≤100
259697520569249,Příroda na prvním místě,These ads ran without a disclaimer,≤100
216049621596399,Průvodce investicemi,These ads ran without a disclaimer,≤100
100424959604438,Acted Moldova,These ads ran without a disclaimer,≤100
491199714070030,marketplace_reli,These ads ran without a disclaimer,≤100
287826151086535,La France en bonne santé,These ads ran without a disclaimer,≤100
40775064593,Microsoft AI Cloud Partner Program,These ads ran without a disclaimer,≤100
102880234429991,Ethics in Progress - Research Journal,These ads ran without a disclaimer,≤100
110315937243455,Inotherm,These ads ran without a disclaimer,≤100
464093880109708,Yana Vitalievna,These ads ran without a disclaimer,≤100
1462438490451898,Platform for Peace and Humanity,These ads ran without a disclaimer,≤100
120479081330563,Körber-Stiftung,These ads ran without a disclaimer,≤100
178674135334159,Parrot: AI Voice Generator,These ads ran without a disclaimer,≤100
79511407410,Mercedes-AMG Petronas F1 Team,These ads ran without a disclaimer,≤100
204847128458,World Parrot Trust,These ads ran without a disclaimer,≤100
1834313933459789,BBC StoryWorks,These ads ran without a disclaimer,≤100
1559326477712594,International Offices - Prague,These ads ran without a disclaimer,≤100
114062801602698,Otero Menor,These ads ran without a disclaimer,≤100
152817069778,LiSeLi GeNÇLiK,These ads ran without a disclaimer,≤100
191941597636967,Acer Czech Republic & Slovakia,These ads ran without a disclaimer,≤100
534515503073147,Wiadomości Swiatowe,These ads ran without a disclaimer,≤100
307753262421312,Cherrykitten,These ads ran without a disclaimer,≤100
630809920303095,Erasmus+,These ads ran without a disclaimer,≤100
139756972563260,Moodesigner,These ads ran without a disclaimer,≤100
102470965836621,Sustainability MDPI,These ads ran without a disclaimer,≤100
527708290604742,Alexander Bellu,These ads ran without a disclaimer,≤100
393154107223732,Анатолий Светлов,These ads ran without a disclaimer,≤100
107469295464682,Сrypto-analyst,These ads ran without a disclaimer,≤100
230360723662939,Fit müsli tyčinka,These ads ran without a disclaimer,≤100
230065377563230,Interreg,These ads ran without a disclaimer,≤100
289543610912605,Wiadomości PL,These ads ran without a disclaimer,≤100
264784521318,"Arjun Dhingra, Mortgage Consultant",These ads ran without a disclaimer,≤100
108755071943117,Lanceb Swanigan,These ads ran without a disclaimer,≤100
857076037695656,Markie Morávková,These ads ran without a disclaimer,≤100
610696639428997,VEOCEL,These ads ran without a disclaimer,≤100
424229800777957,Andrey Podgornuy,These ads ran without a disclaimer,≤100
347265340270,Architecture Competitions,These ads ran without a disclaimer,≤100
111178170522536,IOM Germany,These ads ran without a disclaimer,≤100
107418192413522,Teecade,These ads ran without a disclaimer,≤100
435990819604484,News portal,These ads ran without a disclaimer,≤100
365685333954209,Eastwest European Institute,These ads ran without a disclaimer,≤100
1236911876448545,Investor news1,These ads ran without a disclaimer,≤100
103534185519909,Laba,These ads ran without a disclaimer,≤100
102372245692054,Brother Daniel 08,These ads ran without a disclaimer,≤100
156830236756,Goethe-Institut Prag,These ads ran without a disclaimer,≤100
115755344716173,Radoslav Kacerovský - ze života místostarosty,These ads ran without a disclaimer,≤100
1087491177963859,EU vs Disinformation,These ads ran without a disclaimer,≤100
114382061635224,Frontiers in Science,These ads ran without a disclaimer,≤100
109299725535645,Piwo IGUANA,These ads ran without a disclaimer,≤100
56777943052,One Young World,These ads ran without a disclaimer,≤100
172802309398509,European Jewish Congress,These ads ran without a disclaimer,≤100
195571013845,Zigurat Institute of Technology,These ads ran without a disclaimer,≤100
119405895873,Huawei,These ads ran without a disclaimer,≤100
117443068305863,INSS - The Institute for National Security Studies,These ads ran without a disclaimer,≤100
463723870158858,Futule Technologys,These ads ran without a disclaimer,≤100
122096827388017279,Physically kid8,These ads ran without a disclaimer,≤100
465614039961075,rosemarymaldives,These ads ran without a disclaimer,≤100
273301332769918,Academic Positions,These ads ran without a disclaimer,≤100
105629509109985,Cherry Kitten,These ads ran without a disclaimer,≤100
108625778429443,Fischer - Držíme pohromadě,These ads ran without a disclaimer,≤100
427511187122250,Fuels MDPI,These ads ran without a disclaimer,≤100
105323009235804,Stas Ka,These ads ran without a disclaimer,≤100
376936105510630,Moneysurfers,These ads ran without a disclaimer,≤100
110348665475630,Sheshowstore Clothing,These ads ran without a disclaimer,≤100
307401145800399,Cryptoprofe Oficial,These ads ran without a disclaimer,≤100
419572961238262,LittMoo,These ads ran without a disclaimer,≤100
341395199711118,Tài Chính 24h,These ads ran without a disclaimer,≤100
1615248525385093,Ultrahack,These ads ran without a disclaimer,≤100
404164463091452,Charlie Castell,These ads ran without a disclaimer,≤100
1590014867927547,Purple Trading Česko a Slovensko,These ads ran without a disclaimer,≤100
144580066134672,Economist Impact,These ads ran without a disclaimer,≤100
107677558739991,Uromexil Forte,These ads ran without a disclaimer,≤100
109935354814412,Healthy Person,These ads ran without a disclaimer,≤100
144917995370668,Premium Real Estate in Dubai,These ads ran without a disclaimer,≤100
410066392197675,Евро новости,These ads ran without a disclaimer,≤100
138980139287827,Now Translatorw,These ads ran without a disclaimer,≤100
301666453320492,Alexander Gerchik,These ads ran without a disclaimer,≤100
350888674962511,European Investment Bank,These ads ran without a disclaimer,≤100
416700544859573,Siegfried Kuhnt,These ads ran without a disclaimer,≤100
186871074507168,Elite.Properties.UAE,These ads ran without a disclaimer,≤100
230859850110043,Aurica,These ads ran without a disclaimer,≤100
346415025228115,SnapStyle,These ads ran without a disclaimer,≤100
545457031975050,InvestInfo,These ads ran without a disclaimer,≤100
348460895026516,Berryczsk,These ads ran without a disclaimer,≤100
171921172860871,The Webinar Vet,These ads ran without a disclaimer,≤100
530237993497704,Dr. Eva Harper,These ads ran without a disclaimer,≤100
114186743283123,Australia Express,These ads ran without a disclaimer,≤100
347807111757130,Curious Quant Booster,These ads ran without a disclaimer,≤100
401524526382452,Move To Help,These ads ran without a disclaimer,≤100